,City,Country,Latitude,Longitude,Collection Time,Temperature,Feels Like,Humidity,High,Low,Wind Speed,Top Weather Description
0,Bengkulu,ID,-3.8,-3.8,20 Sep 2020 14:51:24 -0500,76.15,84.11,90,76.15,76.15,2.24,overcast clouds
1,Saint-Philippe,RE,-21.36,-21.36,20 Sep 2020 14:51:25 -0500,62.33,61.43,72,66.99,54.0,3.36,scattered clouds
2,Cherskiy,RU,68.75,68.75,20 Sep 2020 14:51:29 -0500,29.7,24.26,96,29.7,29.7,2.51,clear sky
3,Qaanaaq,GL,77.48,77.48,20 Sep 2020 14:57:58 -0500,21.56,14.86,93,21.56,21.56,3.0,overcast clouds
4,Chapais,CA,49.78,49.78,20 Sep 2020 14:58:00 -0500,51.8,40.53,40,51.8,51.8,12.75,broken clouds
5,Bom Jesus,BR,-9.07,-9.07,20 Sep 2020 14:58:01 -0500,99.63,96.42,18,99.63,99.63,5.14,few clouds
6,Vaini,TO,-21.2,-21.2,20 Sep 2020 14:58:02 -0500,73.4,75.47,83,73.4,73.4,8.05,broken clouds
7,Karratha,AU,-20.74,-20.74,20 Sep 2020 14:58:03 -0500,66.06,55.31,25,66.06,66.06,12.06,clear sky
8,Yellowknife,CA,62.46,62.46,20 Sep 2020 14:58:05 -0500,55.15,49.15,58,55.4,55.0,6.93,broken clouds
9,Aksu,CN,41.12,41.12,20 Sep 2020 14:58:06 -0500,56.93,54.28,60,56.93,56.93,1.9,clear sky
10,Solnechnyy,RU,50.72,50.72,20 Sep 2020 14:58:07 -0500,41.07,36.01,75,41.07,41.07,3.11,broken clouds
11,Mahébourg,MU,-20.41,-20.41,20 Sep 2020 14:58:08 -0500,71.6,67.39,73,71.6,71.6,14.99,broken clouds
12,Lavrentiya,RU,65.58,65.58,20 Sep 2020 14:58:09 -0500,37.92,29.62,82,37.92,37.92,8.63,overcast clouds
13,Ambovombe,MG,-25.17,-25.17,20 Sep 2020 14:58:11 -0500,73.62,69.67,40,73.62,73.62,6.11,clear sky
14,Trairi,BR,-3.28,-3.28,20 Sep 2020 14:58:12 -0500,79.95,79.39,71,79.95,79.95,14.25,broken clouds
15,Butaritari,KI,3.07,3.07,20 Sep 2020 14:58:13 -0500,82.44,83.84,75,82.44,82.44,14.56,overcast clouds
16,Labuhan,ID,-6.88,-6.88,20 Sep 2020 14:58:14 -0500,78.39,81.9,79,78.39,78.39,8.52,scattered clouds
17,Kodinsk,RU,58.69,58.69,20 Sep 2020 14:58:16 -0500,39.11,35.33,90,39.11,39.11,1.61,overcast clouds
18,Uribia,CO,11.71,11.71,20 Sep 2020 14:58:17 -0500,87.66,91.42,62,87.66,87.66,9.69,overcast clouds
19,Saint George,US,37.1,37.1,20 Sep 2020 14:54:37 -0500,91.81,83.41,16,93.0,87.8,10.69,clear sky
20,Flin Flon,CA,54.77,54.77,20 Sep 2020 14:58:19 -0500,62.6,58.5,72,62.6,62.6,9.17,broken clouds
21,Chokurdakh,RU,70.63,70.63,20 Sep 2020 14:58:20 -0500,35.01,26.4,91,35.01,35.01,9.1,clear sky
22,Ushuaia,AR,-54.8,-54.8,20 Sep 2020 14:58:22 -0500,46.4,39.24,52,46.4,46.4,5.82,broken clouds
23,Albany,US,42.6,42.6,20 Sep 2020 14:58:23 -0500,60.01,51.53,27,60.01,60.01,7.29,clear sky
24,Sibi,PK,29.54,29.54,20 Sep 2020 14:58:24 -0500,91.85,88.23,16,91.85,91.85,2.21,clear sky
25,Mataura,NZ,-46.19,-46.19,20 Sep 2020 14:58:25 -0500,39.99,35.98,97,39.99,39.99,2.91,clear sky
26,Jamestown,US,42.1,42.1,20 Sep 2020 14:58:19 -0500,60.1,54.03,42,63.0,57.2,5.82,clear sky
27,Mitú,CO,1.2,1.2,20 Sep 2020 14:58:28 -0500,87.57,96.3,61,87.57,87.57,0.31,overcast clouds
28,Carnarvon,AU,-24.87,-24.87,20 Sep 2020 14:58:29 -0500,57.2,48.06,62,57.2,57.2,13.87,clear sky
29,Westport,US,41.14,41.14,20 Sep 2020 14:55:16 -0500,61.54,51.12,29,64.0,59.0,11.41,clear sky
30,Avarua,CK,-21.21,-21.21,20 Sep 2020 14:58:32 -0500,77.0,83.48,83,77.0,77.0,3.36,overcast clouds
31,Katsuura,JP,35.13,35.13,20 Sep 2020 14:58:34 -0500,67.93,71.83,94,69.01,66.0,3.36,light intensity shower rain
32,Cape Town,ZA,-33.93,-33.93,20 Sep 2020 14:54:20 -0500,55.45,50.22,66,57.0,54.0,6.93,broken clouds
33,Orthez,FR,43.49,43.49,20 Sep 2020 14:58:36 -0500,65.14,64.45,88,66.99,63.0,8.05,broken clouds
34,Bambous Virieux,MU,-20.34,-20.34,20 Sep 2020 14:58:37 -0500,71.31,66.99,73,71.6,71.01,14.99,broken clouds
35,Atuona,PF,-9.8,-9.8,20 Sep 2020 14:58:38 -0500,78.46,74.07,68,78.46,78.46,18.79,clear sky
36,Nikolskoye,RU,59.7,59.7,20 Sep 2020 14:58:41 -0500,51.94,45.27,71,52.0,51.8,8.95,overcast clouds
37,New Norfolk,AU,-42.78,-42.78,20 Sep 2020 14:58:42 -0500,53.74,52.09,78,55.0,51.01,1.72,scattered clouds
38,Ereymentau,KZ,51.62,51.62,20 Sep 2020 14:58:43 -0500,58.33,45.75,36,58.33,58.33,15.86,clear sky
39,Honningsvåg,NO,70.98,70.98,20 Sep 2020 14:55:54 -0500,46.4,31.3,70,46.4,46.4,21.92,shower rain
40,Gemeente Zwolle,NL,52.51,52.51,20 Sep 2020 14:58:47 -0500,57.72,53.19,76,59.0,55.99,8.3,clear sky
41,Lagoa,PT,39.05,39.05,20 Sep 2020 14:58:48 -0500,66.79,58.3,81,66.79,66.79,21.41,overcast clouds
42,Cabedelo,BR,-6.98,-6.98,20 Sep 2020 14:58:49 -0500,80.6,80.78,69,80.6,80.6,12.75,few clouds
43,Pasni,PK,25.26,25.26,20 Sep 2020 14:58:50 -0500,83.53,90.45,62,83.53,83.53,0.49,clear sky
44,Waddān,LY,29.16,29.16,20 Sep 2020 14:58:51 -0500,76.62,70.3,53,76.62,76.62,15.86,clear sky
45,Alto Lucero,MX,19.62,19.62,20 Sep 2020 14:58:53 -0500,76.96,81.07,66,76.96,76.96,1.88,overcast clouds
46,Bethel,US,41.37,41.37,20 Sep 2020 14:53:56 -0500,60.39,54.59,31,62.01,57.99,3.36,clear sky
47,Rikitea,PF,-23.12,-23.12,20 Sep 2020 14:58:55 -0500,71.92,64.87,79,71.92,71.92,21.97,overcast clouds
48,Hong Kong,HK,22.29,22.29,20 Sep 2020 14:55:24 -0500,82.36,86.86,83,84.0,80.01,12.17,broken clouds
49,Pacific Grove,US,36.62,36.62,20 Sep 2020 14:58:57 -0500,68.59,65.28,64,82.99,64.0,9.17,clear sky
50,Calamar,CO,10.25,10.25,20 Sep 2020 14:58:59 -0500,87.8,95.11,74,87.8,87.8,9.17,thunderstorm
51,Nizwá,OM,22.93,22.93,20 Sep 2020 14:59:00 -0500,83.12,79.47,25,83.12,83.12,3.87,clear sky
52,Khatanga,RU,71.97,71.97,20 Sep 2020 14:59:01 -0500,41.68,34.02,88,41.68,41.68,9.13,broken clouds
53,Punta Arenas,CL,-53.15,-53.15,20 Sep 2020 14:59:03 -0500,51.4,40.14,57,51.8,51.01,14.99,overcast clouds
54,Leh,IN,34.17,34.17,20 Sep 2020 14:59:04 -0500,47.91,40.23,37,47.91,47.91,5.3,clear sky
55,Dikson,RU,73.51,73.51,20 Sep 2020 14:59:05 -0500,39.67,31.75,86,39.67,39.67,8.79,overcast clouds
56,Mar del Plata,AR,-38.0,-38.0,20 Sep 2020 14:57:26 -0500,49.3,35.82,57,50.0,48.99,18.34,broken clouds
57,Abilene,US,32.45,32.45,20 Sep 2020 14:56:09 -0500,77.99,71.01,31,78.8,77.0,10.29,haze
58,Dakar,SN,14.69,14.69,20 Sep 2020 14:59:10 -0500,84.2,93.09,79,84.2,84.2,4.7,few clouds
59,Port Elizabeth,ZA,-33.92,-33.92,20 Sep 2020 14:59:11 -0500,57.2,40.89,82,57.2,57.2,29.97,few clouds
60,Busselton,AU,-33.65,-33.65,20 Sep 2020 14:59:13 -0500,48.42,38.89,67,51.01,46.0,12.28,overcast clouds
61,Torbay,CA,47.67,47.67,20 Sep 2020 14:59:15 -0500,48.16,38.26,66,48.99,48.0,12.75,broken clouds
62,Puerto Ayora,EC,-0.74,-0.74,20 Sep 2020 14:59:16 -0500,67.84,66.31,83,67.84,67.84,10.25,overcast clouds
63,Salalah,OM,17.02,17.02,20 Sep 2020 14:59:17 -0500,78.8,87.67,94,78.8,78.8,4.7,few clouds
64,Shache,CN,38.42,38.42,20 Sep 2020 14:59:19 -0500,53.06,46.99,51,53.06,53.06,5.37,clear sky
65,Port Hedland,AU,-20.32,-20.32,20 Sep 2020 14:59:21 -0500,69.8,58.98,19,69.8,69.8,11.41,clear sky
66,Saint-Pierre,RE,-21.34,-21.34,20 Sep 2020 14:59:22 -0500,63.19,62.55,72,66.99,54.0,3.36,clear sky
67,Bluff,NZ,-46.6,-46.6,20 Sep 2020 14:59:24 -0500,39.99,31.75,97,39.99,39.99,10.42,clear sky
68,Alice Springs,AU,-23.7,-23.7,20 Sep 2020 14:59:25 -0500,68.0,61.48,24,68.0,68.0,4.7,scattered clouds
69,Hermanus,ZA,-34.42,-34.42,20 Sep 2020 14:59:26 -0500,55.99,52.25,63,55.99,55.99,4.0,overcast clouds
70,Murud,IN,18.33,18.33,20 Sep 2020 14:59:27 -0500,79.88,86.61,87,79.88,79.88,7.11,light rain
71,Saint Paul Harbor,US,57.79,57.79,20 Sep 2020 14:59:28 -0500,50.0,45.68,76,50.0,50.0,4.7,clear sky
72,Ganzhou,CN,28.82,28.82,20 Sep 2020 14:59:30 -0500,66.6,69.58,93,66.6,66.6,3.71,overcast clouds
73,Owando,CG,-0.48,-0.48,20 Sep 2020 14:59:31 -0500,73.0,79.52,94,73.0,73.0,3.06,overcast clouds
74,Dongli,CN,23.57,23.57,20 Sep 2020 14:59:32 -0500,80.6,87.13,83,80.6,80.6,6.71,broken clouds
75,Codrington,AU,-38.27,-38.27,20 Sep 2020 14:59:33 -0500,47.52,39.27,91,47.52,47.52,12.57,clear sky
76,Kapaa,US,22.08,22.08,20 Sep 2020 14:59:35 -0500,79.92,79.75,78,81.0,78.8,16.11,overcast clouds
77,Tuktoyaktuk,CA,69.45,69.45,20 Sep 2020 14:59:36 -0500,37.4,21.09,86,37.4,37.4,23.04,light rain
78,Thompson,CA,55.74,55.74,20 Sep 2020 14:59:38 -0500,73.4,69.22,53,73.4,73.4,10.29,scattered clouds
79,Adrar,MR,20.5,20.5,20 Sep 2020 14:59:40 -0500,94.23,90.97,32,94.23,94.23,11.45,scattered clouds
80,Faanui,PF,-16.48,-16.48,20 Sep 2020 14:59:41 -0500,78.1,75.83,81,78.1,78.1,19.22,few clouds
81,Burgos,ES,42.34,42.34,20 Sep 2020 14:59:42 -0500,57.2,56.19,100,57.2,57.2,5.82,scattered clouds
82,Semporna,MY,4.48,4.48,20 Sep 2020 14:59:44 -0500,77.0,86.18,94,77.0,77.0,2.24,few clouds
83,Lovozero,RU,68.0,68.0,20 Sep 2020 14:59:45 -0500,38.43,32.83,90,38.43,38.43,4.65,overcast clouds
84,Kiryat Gat,IL,31.61,31.61,20 Sep 2020 14:59:10 -0500,78.62,82.2,63,82.0,73.0,3.0,clear sky
85,Aljezur,PT,37.32,37.32,20 Sep 2020 14:59:47 -0500,66.76,69.12,90,66.76,66.76,4.25,overcast clouds
86,Saskylakh,RU,71.92,71.92,20 Sep 2020 14:59:49 -0500,46.15,40.89,86,46.15,46.15,6.17,light rain
87,Port Alfred,ZA,-33.59,-33.59,20 Sep 2020 14:59:50 -0500,60.98,49.41,71,60.98,60.98,21.45,clear sky
88,Narkanda,IN,31.25,31.25,20 Sep 2020 14:59:51 -0500,53.17,50.58,83,53.17,53.17,3.89,clear sky
89,Khanbari,NP,27.37,27.37,20 Sep 2020 14:59:52 -0500,74.03,76.44,66,74.03,74.03,2.86,broken clouds
90,Kaitangata,NZ,-46.28,-46.28,20 Sep 2020 14:59:54 -0500,42.01,37.45,91,42.01,42.01,4.0,few clouds
91,Cayenne,GF,4.93,4.93,20 Sep 2020 14:58:46 -0500,87.8,89.71,66,87.8,87.8,14.99,clear sky
92,Puerto Baquerizo Moreno,EC,-0.9,-0.9,20 Sep 2020 14:59:56 -0500,73.4,70.11,78,73.4,73.4,16.11,broken clouds
93,Agirish,RU,61.92,61.92,20 Sep 2020 14:59:57 -0500,37.98,29.86,96,37.98,37.98,9.46,moderate rain
94,Portales,US,34.19,34.19,20 Sep 2020 14:56:03 -0500,81.19,78.04,34,84.0,78.8,5.82,few clouds
95,Tamandaré,BR,-8.76,-8.76,20 Sep 2020 14:59:59 -0500,77.04,80.08,80,77.04,77.04,8.48,broken clouds
96,Menongue,AO,-14.66,-14.66,20 Sep 2020 15:00:01 -0500,71.13,65.17,23,71.13,71.13,4.09,clear sky
97,Benguela,AO,-12.58,-12.58,20 Sep 2020 15:00:03 -0500,71.29,74.57,82,71.29,71.29,3.98,broken clouds
98,Dodola,ET,6.98,6.98,20 Sep 2020 15:00:05 -0500,54.79,53.55,87,54.79,54.79,2.84,light rain
99,Hobart,AU,-42.88,-42.88,20 Sep 2020 14:58:21 -0500,55.96,49.32,77,59.0,51.01,11.41,scattered clouds
100,Hithadhoo,MV,-0.6,-0.6,20 Sep 2020 15:00:07 -0500,81.77,84.49,80,81.77,81.77,13.53,broken clouds
101,Wanaka,NZ,-44.7,-44.7,20 Sep 2020 15:00:09 -0500,44.56,38.17,72,44.56,44.56,6.15,clear sky
102,Cockburn Town,TC,21.46,21.46,20 Sep 2020 14:57:30 -0500,86.0,91.47,66,86.0,86.0,6.93,few clouds
103,Castro,BR,-24.79,-24.79,20 Sep 2020 15:00:13 -0500,66.0,62.74,72,66.0,66.0,9.53,light rain
104,Dicabisagan,PH,17.08,17.08,20 Sep 2020 15:00:14 -0500,78.21,84.06,82,78.21,78.21,5.26,clear sky
105,Ahipara,NZ,-35.17,-35.17,20 Sep 2020 15:00:15 -0500,54.0,51.33,78,54.0,54.0,3.65,clear sky
106,Rafsanjān,IR,30.41,30.41,20 Sep 2020 15:00:17 -0500,65.71,59.16,21,65.71,65.71,3.62,clear sky
107,Husavik,IS,66.04,66.04,20 Sep 2020 15:00:18 -0500,50.0,27.88,53,50.0,50.0,33.33,scattered clouds
108,Vao,NC,-22.67,-22.67,20 Sep 2020 15:00:19 -0500,69.1,63.84,69,69.1,69.1,14.18,clear sky
109,Saldanha,ZA,-33.01,-33.01,20 Sep 2020 15:00:20 -0500,53.6,51.04,71,53.6,53.6,2.24,scattered clouds
110,Yokadouma,CM,3.52,3.52,20 Sep 2020 15:00:22 -0500,70.0,76.5,95,70.0,70.0,0.69,light rain
111,Beihai,CN,21.48,21.48,20 Sep 2020 15:00:23 -0500,81.01,89.15,82,81.01,81.01,3.91,overcast clouds
112,Vestmanna,FO,62.16,62.16,20 Sep 2020 15:00:24 -0500,51.8,47.84,100,51.8,51.8,8.05,light rain
113,Bambanglipuro,ID,-7.95,-7.95,20 Sep 2020 15:00:25 -0500,76.98,82.06,86,76.98,76.98,6.82,scattered clouds
114,Olafsvik,IS,64.89,64.89,20 Sep 2020 15:00:27 -0500,42.37,30.31,77,42.37,42.37,16.08,broken clouds
115,Beaufort,MY,5.35,5.35,20 Sep 2020 14:59:18 -0500,80.31,90.25,88,80.6,80.01,2.24,few clouds
116,Airai,TL,-8.93,-8.93,20 Sep 2020 15:00:29 -0500,60.48,62.51,100,60.48,60.48,2.51,few clouds
117,Grindavik,IS,63.84,63.84,20 Sep 2020 15:00:30 -0500,42.8,30.4,81,42.8,42.8,17.22,broken clouds
118,Barrow,US,71.29,71.29,20 Sep 2020 15:00:31 -0500,32.0,24.89,93,32.0,32.0,5.82,overcast clouds
119,Henties Bay,NA,-22.12,-22.12,20 Sep 2020 15:00:33 -0500,55.0,50.49,85,55.0,55.0,8.43,clear sky
120,Grand Gaube,MU,-20.01,-20.01,20 Sep 2020 15:00:34 -0500,71.01,70.5,73,71.01,71.01,8.01,scattered clouds
121,Presidente Médici,BR,-11.18,-11.18,20 Sep 2020 15:00:36 -0500,79.93,83.21,73,79.93,79.93,8.16,heavy intensity rain
122,Avera,US,33.19,33.19,20 Sep 2020 15:00:38 -0500,72.7,68.18,56,73.4,72.0,11.41,scattered clouds
123,Lebu,CL,-37.62,-37.62,20 Sep 2020 15:00:39 -0500,55.49,47.03,66,55.49,55.49,12.68,overcast clouds
124,Smithers,CA,54.78,54.78,20 Sep 2020 14:56:56 -0500,50.0,46.29,93,50.0,50.0,5.82,light rain
125,Leningradskiy,RU,69.38,69.38,20 Sep 2020 15:00:41 -0500,34.2,22.84,91,34.2,34.2,13.78,overcast clouds
126,Nanortalik,GL,60.14,60.14,20 Sep 2020 15:00:42 -0500,38.35,27.55,77,38.35,38.35,12.77,clear sky
127,Ossora,RU,59.24,59.24,20 Sep 2020 15:00:44 -0500,39.29,33.75,76,39.29,39.29,3.58,overcast clouds
128,Tasiilaq,GL,65.61,65.61,20 Sep 2020 15:00:45 -0500,35.6,28.02,69,35.6,35.6,5.82,light intensity shower rain
129,Ouro Fino,BR,-22.28,-22.28,20 Sep 2020 15:00:46 -0500,75.56,75.52,51,75.56,75.56,3.47,light rain
130,Rochegda,RU,62.8,62.8,20 Sep 2020 15:00:48 -0500,38.88,33.35,88,38.88,38.88,4.47,overcast clouds
131,Hilo,US,19.73,19.73,20 Sep 2020 15:00:49 -0500,75.94,78.33,78,78.8,73.0,8.05,scattered clouds
132,Tiksi,RU,71.69,71.69,20 Sep 2020 15:00:51 -0500,41.07,30.76,77,41.07,41.07,12.64,few clouds
133,Morón,AR,-34.65,-34.65,20 Sep 2020 15:00:52 -0500,67.64,57.36,30,68.0,66.99,12.75,clear sky
134,Ponta do Sol,PT,32.67,32.67,20 Sep 2020 15:00:54 -0500,69.53,70.34,73,73.4,66.0,4.7,scattered clouds
135,Omsukchan,RU,62.53,62.53,20 Sep 2020 15:00:55 -0500,28.33,21.47,96,28.33,28.33,4.72,overcast clouds
136,Yazman,PK,29.12,29.12,20 Sep 2020 15:00:56 -0500,94.05,89.13,23,94.05,94.05,9.15,clear sky
137,East London,ZA,-33.02,-33.02,20 Sep 2020 15:00:58 -0500,63.27,53.38,64,63.27,63.27,18.12,overcast clouds
138,Roebourne,AU,-20.78,-20.78,20 Sep 2020 15:00:59 -0500,66.43,55.09,25,66.43,66.43,13.18,clear sky
139,Wāliṅ,NP,27.98,27.98,20 Sep 2020 15:01:01 -0500,72.14,75.9,81,72.14,72.14,3.49,few clouds
140,Fairbanks,US,64.84,64.84,20 Sep 2020 14:56:51 -0500,40.89,36.19,100,44.01,36.0,4.7,broken clouds
141,Lensk,RU,60.73,60.73,20 Sep 2020 15:01:03 -0500,42.58,39.4,90,42.58,42.58,1.66,overcast clouds
142,Hualmay,PE,-11.1,-11.1,20 Sep 2020 15:01:04 -0500,66.99,63.43,69,66.99,66.99,9.93,few clouds
143,Kuminskiy,RU,58.67,58.67,20 Sep 2020 15:01:07 -0500,49.59,43.12,84,49.59,49.59,9.4,light rain
144,Vung Tau,VN,10.35,10.35,20 Sep 2020 15:01:08 -0500,79.68,85.03,81,79.68,79.68,7.18,clear sky
145,Ulladulla,AU,-35.35,-35.35,20 Sep 2020 15:01:09 -0500,53.01,51.3,100,55.99,51.8,4.7,clear sky
146,General José Eduvigis Díaz,PY,-27.17,-27.17,20 Sep 2020 15:01:10 -0500,68.67,62.89,26,69.01,68.0,4.0,few clouds
147,Kučevo,RS,44.48,44.48,20 Sep 2020 15:01:11 -0500,64.72,53.64,28,64.72,64.72,13.06,clear sky
148,Byron Bay,AU,-28.65,-28.65,20 Sep 2020 15:01:13 -0500,60.26,56.41,93,61.0,59.0,11.52,scattered clouds
149,Barhi,IN,23.9,23.9,20 Sep 2020 15:01:14 -0500,77.74,85.01,90,77.74,77.74,5.01,overcast clouds
150,Yichang,CN,30.71,30.71,20 Sep 2020 15:01:15 -0500,64.06,66.33,84,64.06,64.06,1.21,overcast clouds
151,Ballina,AU,-28.87,-28.87,20 Sep 2020 15:01:16 -0500,58.93,56.93,93,61.0,53.6,7.43,scattered clouds
152,Klaksvík,FO,62.23,62.23,20 Sep 2020 15:01:18 -0500,51.8,47.84,100,51.8,51.8,8.05,light rain
153,Pitiquito,MX,30.7,30.7,20 Sep 2020 15:01:19 -0500,99.0,99.86,26,99.0,99.0,3.02,clear sky
154,Tongliao,CN,43.61,43.61,20 Sep 2020 15:01:20 -0500,49.91,46.4,86,49.91,49.91,4.54,overcast clouds
155,Narsaq,GL,60.92,60.92,20 Sep 2020 15:01:21 -0500,37.4,30.74,40,37.4,37.4,2.24,clear sky
156,Gigmoto,PH,13.78,13.78,20 Sep 2020 15:01:22 -0500,81.23,87.35,85,81.23,81.23,8.86,overcast clouds
157,Prome,MM,18.82,18.82,20 Sep 2020 15:01:24 -0500,76.32,80.44,95,76.32,76.32,10.83,overcast clouds
158,Sturgis,US,41.8,41.8,20 Sep 2020 14:59:21 -0500,68.49,60.69,28,69.8,68.0,8.05,clear sky
159,Sivaki,RU,52.63,52.63,20 Sep 2020 15:01:26 -0500,39.42,34.74,87,39.42,39.42,3.04,clear sky
160,Shimoda,JP,34.67,34.67,20 Sep 2020 15:01:27 -0500,63.0,65.01,94,63.0,63.0,3.06,light rain
161,Poddor'ye,RU,57.47,57.47,20 Sep 2020 15:01:28 -0500,46.17,40.14,81,46.17,46.17,6.98,overcast clouds
162,Ayan,RU,56.45,56.45,20 Sep 2020 15:01:31 -0500,50.74,45.39,84,50.74,50.74,7.87,light rain
163,Champerico,GT,14.3,14.3,20 Sep 2020 15:01:32 -0500,80.42,81.7,59,89.6,71.01,6.93,few clouds
164,Ojinaga,MX,29.57,29.57,20 Sep 2020 15:01:33 -0500,82.22,81.05,39,82.4,82.0,4.7,clear sky
165,Talnakh,RU,69.49,69.49,20 Sep 2020 15:01:35 -0500,42.8,33.21,93,42.8,42.8,13.42,scattered clouds
166,Prince Rupert,CA,54.32,54.32,20 Sep 2020 14:58:12 -0500,53.6,51.49,93,53.6,53.6,4.7,overcast clouds
167,Sidi Ali,DZ,36.1,36.1,20 Sep 2020 15:01:37 -0500,71.29,72.99,67,71.29,71.29,2.64,overcast clouds
168,Chhor,PK,25.52,25.52,20 Sep 2020 15:01:38 -0500,90.36,91.56,55,90.36,90.36,13.22,broken clouds
169,Francisco Sá,BR,-16.48,-16.48,20 Sep 2020 15:01:39 -0500,96.8,92.57,16,96.8,96.8,4.7,clear sky
170,Saint-Joseph,RE,-21.37,-21.37,20 Sep 2020 15:01:41 -0500,62.06,61.09,72,66.2,54.0,3.36,few clouds
171,Marzuq,YE,14.4,14.4,20 Sep 2020 15:01:42 -0500,80.2,80.04,39,80.2,80.2,1.92,broken clouds
172,Tuatapere,NZ,-46.13,-46.13,20 Sep 2020 15:01:43 -0500,39.99,34.27,97,39.99,39.99,5.95,clear sky
173,Iwanai,JP,42.97,42.97,20 Sep 2020 15:01:45 -0500,54.0,50.77,86,54.0,54.0,5.82,light rain
174,Shūshtar,IR,32.05,32.05,20 Sep 2020 15:01:47 -0500,80.11,75.31,15,80.11,80.11,1.3,clear sky
175,Tombouctou,ML,20.0,20.0,20 Sep 2020 15:01:48 -0500,98.37,92.97,20,98.37,98.37,9.89,scattered clouds
176,Santiago del Estero,AR,-27.8,-27.8,20 Sep 2020 15:01:21 -0500,76.66,67.87,20,76.66,76.66,9.4,clear sky
177,Apache Junction,US,33.42,33.42,20 Sep 2020 15:01:50 -0500,100.83,95.29,14,102.0,98.6,6.93,clear sky
178,Coyhaique,CL,-45.58,-45.58,20 Sep 2020 15:01:53 -0500,57.2,49.41,35,57.2,57.2,6.93,clear sky
179,Dunedin,NZ,-45.87,-45.87,20 Sep 2020 15:01:54 -0500,44.01,40.41,91,44.01,44.01,3.0,clear sky
180,Bredasdorp,ZA,-34.53,-34.53,20 Sep 2020 15:01:55 -0500,51.8,47.25,76,51.8,51.8,5.82,overcast clouds
181,Berlevåg,NO,70.86,70.86,20 Sep 2020 15:01:56 -0500,42.13,31.19,87,42.8,41.0,14.99,shower rain
182,Çeşme,TR,38.32,38.32,20 Sep 2020 15:01:58 -0500,73.4,73.15,69,73.4,73.4,8.05,clear sky
183,Goroka,PG,-6.08,-6.08,20 Sep 2020 15:01:59 -0500,57.06,57.16,86,57.06,57.06,1.41,overcast clouds
184,Nuuk,GL,64.18,64.18,20 Sep 2020 15:02:01 -0500,37.2,24.85,74,37.4,37.0,14.99,overcast clouds
185,Upernavik,GL,72.79,72.79,20 Sep 2020 15:02:02 -0500,30.58,22.8,87,30.58,30.58,6.31,broken clouds
186,Inongo,CD,-1.95,-1.95,20 Sep 2020 15:02:04 -0500,73.44,77.74,86,73.44,73.44,5.03,scattered clouds
187,Hirara,JP,24.8,24.8,20 Sep 2020 15:02:05 -0500,81.72,85.95,80,81.72,81.72,10.8,scattered clouds
188,Iqaluit,CA,63.75,63.75,20 Sep 2020 15:02:06 -0500,35.29,24.53,69,35.6,35.01,11.41,broken clouds
189,Lichuan,CN,30.3,30.3,20 Sep 2020 15:02:07 -0500,56.57,55.85,95,56.57,56.57,4.12,overcast clouds
190,Ancud,CL,-41.87,-41.87,20 Sep 2020 15:02:09 -0500,53.6,48.99,62,53.6,53.6,4.54,overcast clouds
191,Longyearbyen,SJ,78.22,78.22,20 Sep 2020 15:02:10 -0500,35.6,20.34,69,35.6,35.6,19.46,broken clouds
192,Bloemfontein,ZA,-29.12,-29.12,20 Sep 2020 14:58:06 -0500,64.4,54.75,17,64.4,64.4,8.05,clear sky
193,Seymchan,RU,62.88,62.88,20 Sep 2020 15:02:12 -0500,27.66,21.52,96,27.66,27.66,3.29,few clouds
194,Kahului,US,20.89,20.89,20 Sep 2020 15:02:14 -0500,80.87,78.21,58,84.2,79.0,13.87,scattered clouds
195,Korla,CN,41.76,41.76,20 Sep 2020 15:02:15 -0500,70.0,65.5,41,70.0,70.0,5.99,overcast clouds
196,Haines Junction,CA,60.75,60.75,20 Sep 2020 15:02:16 -0500,48.27,43.34,53,48.27,48.27,2.39,overcast clouds
197,Balclutha,NZ,-46.23,-46.23,20 Sep 2020 15:02:17 -0500,42.01,36.88,91,42.01,42.01,5.01,few clouds
198,Kyren,RU,51.68,51.68,20 Sep 2020 15:02:18 -0500,42.35,37.87,65,42.35,42.35,1.45,overcast clouds
199,Cidreira,BR,-30.18,-30.18,20 Sep 2020 15:02:20 -0500,56.61,48.58,43,56.61,56.61,8.55,clear sky
200,Athens,GR,37.98,37.98,20 Sep 2020 14:59:41 -0500,67.28,63.82,52,70.0,64.99,5.82,few clouds
201,Duki,PK,30.15,30.15,20 Sep 2020 15:02:22 -0500,80.1,72.79,19,80.1,80.1,7.2,clear sky
202,Ribeira Grande,PT,38.52,38.52,20 Sep 2020 15:02:24 -0500,69.8,61.7,64,69.8,69.8,18.34,few clouds
203,Brae,GB,60.4,60.4,20 Sep 2020 15:02:26 -0500,53.6,46.9,100,53.6,53.6,13.87,overcast clouds
204,Vengerovo,RU,55.68,55.68,20 Sep 2020 15:02:28 -0500,56.73,46.42,55,56.73,56.73,14.63,overcast clouds
205,Ribeira Brava,PT,32.65,32.65,20 Sep 2020 15:02:29 -0500,69.46,70.25,73,73.4,66.0,4.7,scattered clouds
206,Cervo,ES,43.67,43.67,20 Sep 2020 15:02:31 -0500,63.5,65.7,89,64.99,62.01,2.06,scattered clouds
207,Mahibadhoo,MV,3.78,3.78,20 Sep 2020 15:02:33 -0500,82.04,86.7,79,82.04,82.04,9.98,scattered clouds
208,Mokhsogollokh,RU,61.47,61.47,20 Sep 2020 15:02:34 -0500,37.78,33.39,79,37.78,37.78,1.41,clear sky
209,Obertyn,UA,48.7,48.7,20 Sep 2020 14:58:49 -0500,60.01,57.06,46,60.01,60.01,1.01,overcast clouds
210,Constitución,CL,-35.33,-35.33,20 Sep 2020 15:02:37 -0500,61.56,57.51,52,61.56,61.56,4.63,broken clouds
211,Severo-Kuril'sk,RU,50.68,50.68,20 Sep 2020 15:02:38 -0500,46.63,39.4,82,46.63,46.63,9.4,clear sky
212,Chilca,PE,-12.52,-12.52,20 Sep 2020 15:02:39 -0500,66.04,61.74,72,66.2,66.0,11.41,broken clouds
213,Vikulovo,RU,56.82,56.82,20 Sep 2020 15:02:40 -0500,55.45,44.8,53,55.45,55.45,14.5,clear sky
214,Khani,GE,41.96,41.96,20 Sep 2020 15:02:42 -0500,62.6,64.81,93,62.6,62.6,2.24,clear sky
215,San Policarpo,PH,12.18,12.18,20 Sep 2020 15:02:43 -0500,79.57,87.1,88,79.57,79.57,5.77,overcast clouds
216,Nioro,GM,13.35,13.35,20 Sep 2020 15:02:44 -0500,77.63,84.33,92,77.63,77.63,6.62,moderate rain
217,Doka,SD,13.52,13.52,20 Sep 2020 15:02:46 -0500,72.7,77.49,93,72.7,72.7,5.55,overcast clouds
218,Tashtagol,RU,52.77,52.77,20 Sep 2020 15:02:48 -0500,46.15,42.93,89,46.15,46.15,2.91,clear sky
219,Komatipoort,ZA,-25.43,-25.43,20 Sep 2020 15:02:49 -0500,82.54,78.71,30,82.54,82.54,5.99,clear sky
220,Te Anau,NZ,-45.42,-45.42,20 Sep 2020 15:02:50 -0500,43.88,38.5,83,43.88,43.88,5.28,few clouds
221,Souillac,MU,-20.52,-20.52,20 Sep 2020 15:02:51 -0500,71.6,67.39,73,71.6,71.6,14.99,broken clouds
222,Mehamn,NO,71.04,71.04,20 Sep 2020 15:02:53 -0500,43.65,32.99,87,46.4,42.8,14.99,shower rain
223,Aginskoye,RU,51.1,51.1,20 Sep 2020 15:02:54 -0500,39.96,30.85,88,39.96,39.96,11.16,clear sky
224,Sinjār,IQ,36.32,36.32,20 Sep 2020 15:02:55 -0500,80.6,72.82,18,80.6,80.6,7.78,clear sky
225,Kabinda,CD,-6.13,-6.13,20 Sep 2020 15:02:56 -0500,75.38,78.55,66,75.38,75.38,2.44,clear sky
226,Farroupilha,BR,-29.23,-29.23,20 Sep 2020 15:01:10 -0500,53.01,47.07,64,53.01,53.01,7.0,clear sky
227,Puerto del Rosario,ES,28.5,28.5,20 Sep 2020 15:03:00 -0500,75.2,77.76,88,75.2,75.2,10.29,clear sky
228,Sal Rei,CV,16.18,16.18,20 Sep 2020 15:03:02 -0500,82.4,84.58,74,82.4,82.4,12.75,broken clouds
229,Nyrob,RU,60.73,60.73,20 Sep 2020 15:03:03 -0500,35.58,27.41,86,35.58,35.58,8.12,overcast clouds
230,Chui,UY,-33.7,-33.7,20 Sep 2020 15:03:05 -0500,57.96,48.99,53,57.96,57.96,12.28,clear sky
231,Pizarro,CO,4.95,4.95,20 Sep 2020 15:03:06 -0500,81.73,86.58,79,81.73,81.73,9.33,broken clouds
232,High Level,CA,58.52,58.52,20 Sep 2020 15:03:07 -0500,62.6,57.97,51,62.6,62.6,5.82,broken clouds
233,Santo Antônio do Içá,BR,-3.1,-3.1,20 Sep 2020 15:03:08 -0500,95.9,101.01,40,95.9,95.9,2.42,broken clouds
234,Lincoln,US,40.8,40.8,20 Sep 2020 15:02:47 -0500,78.4,67.55,41,80.01,77.0,20.8,clear sky
235,Lexington,US,37.99,37.99,20 Sep 2020 15:00:04 -0500,70.29,61.27,40,71.01,69.8,13.87,clear sky
236,Port Blair,IN,11.67,11.67,20 Sep 2020 15:03:12 -0500,82.27,82.26,81,82.27,82.27,19.3,overcast clouds
237,Esmeraldas,BR,-19.76,-19.76,20 Sep 2020 15:03:13 -0500,87.21,86.88,51,91.4,82.4,11.41,scattered clouds
238,Skegness,GB,53.14,53.14,20 Sep 2020 15:03:15 -0500,58.3,55.42,77,59.0,57.99,5.82,broken clouds
239,George Town,MY,5.41,5.41,20 Sep 2020 15:00:13 -0500,78.4,86.61,88,78.8,78.01,3.36,few clouds
240,Chicama,PE,-7.84,-7.84,20 Sep 2020 15:03:18 -0500,72.61,68.49,56,72.61,72.61,10.65,few clouds
241,Tupelo,US,34.26,34.26,20 Sep 2020 15:03:19 -0500,79.65,75.63,47,80.6,78.01,11.41,scattered clouds
242,Gizo Government Station,SB,-8.1,-8.1,20 Sep 2020 15:03:20 -0500,81.52,88.41,75,81.52,81.52,3.94,light rain
243,Del Rio,US,29.36,29.36,20 Sep 2020 15:03:21 -0500,82.65,80.08,35,84.2,80.6,5.82,clear sky
244,San Ramon,US,37.78,37.78,20 Sep 2020 15:00:08 -0500,88.39,82.44,19,90.0,87.01,6.93,clear sky
245,Ambam,CM,2.38,2.38,20 Sep 2020 15:03:24 -0500,69.03,74.44,97,69.03,69.03,2.3,overcast clouds
246,San Miguel de Cozumel,MX,20.51,20.51,20 Sep 2020 15:01:08 -0500,83.57,92.39,83,84.2,82.99,5.82,broken clouds
247,Cayhagan,PH,9.67,9.67,20 Sep 2020 15:03:26 -0500,80.65,88.5,78,80.65,80.65,2.57,overcast clouds
248,Krasnovishersk,RU,60.41,60.41,20 Sep 2020 15:03:27 -0500,35.71,28.56,86,35.71,35.71,6.33,overcast clouds
249,Waslala,NI,13.23,13.23,20 Sep 2020 15:03:28 -0500,80.6,81.46,51,80.6,80.6,4.79,scattered clouds
250,Guerrero Negro,MX,27.98,27.98,20 Sep 2020 15:03:31 -0500,88.99,85.06,37,88.99,88.99,12.33,clear sky
251,Celestún,MX,20.87,20.87,20 Sep 2020 15:03:32 -0500,86.43,91.54,70,86.43,86.43,9.78,clear sky
252,Lompoc,US,34.64,34.64,20 Sep 2020 14:59:53 -0500,67.23,64.04,68,75.0,60.8,9.17,clear sky
253,Arraial do Cabo,BR,-22.97,-22.97,20 Sep 2020 15:00:05 -0500,71.6,76.48,94,71.6,71.6,4.7,broken clouds
254,Paamiut,GL,61.99,61.99,20 Sep 2020 15:03:35 -0500,35.13,24.85,93,35.13,35.13,12.26,overcast clouds
255,Vardø,NO,70.37,70.37,20 Sep 2020 15:03:37 -0500,41.0,24.37,93,41.0,41.0,25.28,broken clouds
256,Kavieng,PG,-2.57,-2.57,20 Sep 2020 15:03:38 -0500,82.99,86.43,78,82.99,82.99,12.71,clear sky
257,Half Moon Bay,US,37.46,37.46,20 Sep 2020 15:03:39 -0500,74.19,76.24,77,87.01,64.4,6.93,clear sky
258,Maltahöhe,NA,-24.83,-24.83,20 Sep 2020 15:03:40 -0500,58.12,47.86,26,58.12,58.12,9.95,clear sky
259,Kiama,AU,-34.68,-34.68,20 Sep 2020 15:00:42 -0500,59.32,56.77,73,68.0,52.0,5.01,clear sky
260,Linxia Chengguanzhen,CN,35.6,35.6,20 Sep 2020 15:03:43 -0500,56.53,54.79,83,56.53,56.53,3.96,overcast clouds
261,Puerto Madryn,AR,-42.77,-42.77,20 Sep 2020 15:03:44 -0500,56.32,46.99,37,56.32,56.32,9.8,clear sky
262,Geraldton,AU,-28.77,-28.77,20 Sep 2020 15:03:45 -0500,53.6,49.24,66,53.6,53.6,4.7,overcast clouds
263,Mitsamiouli,KM,-11.38,-11.38,20 Sep 2020 15:03:46 -0500,76.37,79.0,68,76.37,76.37,4.74,clear sky
264,Papillion,US,41.15,41.15,20 Sep 2020 15:03:48 -0500,77.45,67.35,39,79.0,75.99,18.34,clear sky
265,Lüderitz,NA,-26.65,-26.65,20 Sep 2020 15:03:49 -0500,58.57,42.64,63,58.57,58.57,26.62,broken clouds
266,Mutoko,ZW,-17.4,-17.4,20 Sep 2020 15:03:50 -0500,64.0,56.82,30,64.0,64.0,6.4,clear sky
267,Coquimbo,CL,-29.95,-29.95,20 Sep 2020 15:03:51 -0500,59.0,54.54,72,59.0,59.0,8.05,broken clouds
268,Chenghai,CN,23.46,23.46,20 Sep 2020 15:03:53 -0500,80.6,87.13,83,80.6,80.6,6.71,broken clouds
269,Kudahuvadhoo,MV,2.67,2.67,20 Sep 2020 15:03:54 -0500,82.54,88.07,77,82.54,82.54,8.14,broken clouds
270,Kalmunai,LK,7.42,7.42,20 Sep 2020 15:03:55 -0500,80.29,81.68,69,80.29,80.29,10.36,overcast clouds
271,Acajutla,SV,13.59,13.59,20 Sep 2020 15:03:56 -0500,85.39,91.8,66,87.8,82.0,4.7,scattered clouds
272,Sisimiut,GL,66.94,66.94,20 Sep 2020 15:03:57 -0500,33.44,27.07,93,33.44,33.44,4.88,overcast clouds
273,Moose Factory,CA,51.26,51.26,20 Sep 2020 15:03:59 -0500,62.6,53.28,55,62.6,62.6,14.99,scattered clouds
274,Ninghai,CN,29.29,29.29,20 Sep 2020 15:04:00 -0500,66.22,70.14,98,68.0,63.0,2.91,light rain
275,Sarāhan,IN,31.52,31.52,20 Sep 2020 15:04:01 -0500,58.35,52.05,38,58.35,58.35,5.06,clear sky
276,Altay,CN,47.87,47.87,20 Sep 2020 15:04:02 -0500,52.16,46.36,44,52.16,52.16,3.67,overcast clouds
277,Bitaogan,PH,6.77,6.77,20 Sep 2020 15:04:04 -0500,78.8,90.25,100,78.8,78.8,2.24,broken clouds
278,Walvis Bay,NA,-22.96,-22.96,20 Sep 2020 15:04:05 -0500,54.28,49.46,81,55.0,53.6,8.05,clear sky
279,Sioux Lookout,CA,50.1,50.1,20 Sep 2020 15:04:06 -0500,66.2,61.43,68,66.2,66.2,11.41,haze
280,Vila Franca do Campo,PT,37.72,37.72,20 Sep 2020 15:04:07 -0500,68.0,63.09,82,68.0,68.0,16.11,scattered clouds
281,Namatanai,PG,-3.67,-3.67,20 Sep 2020 15:04:08 -0500,78.62,84.31,82,78.62,78.62,5.93,few clouds
282,Porto-Novo,BJ,6.5,6.5,20 Sep 2020 15:04:10 -0500,78.8,82.69,88,78.8,78.8,11.41,scattered clouds
283,Ligayan,PH,4.65,4.65,20 Sep 2020 15:04:12 -0500,84.11,90.95,69,84.11,84.11,4.05,clear sky
284,Clyde River,CA,70.47,70.47,20 Sep 2020 15:04:13 -0500,32.0,24.6,85,32.0,32.0,5.82,clear sky
285,Illapel,CL,-31.63,-31.63,20 Sep 2020 15:04:15 -0500,72.63,68.47,43,72.63,72.63,6.98,clear sky
286,Alta Floresta,BR,-9.88,-9.88,20 Sep 2020 14:59:33 -0500,100.56,101.55,25,100.56,100.56,2.95,very heavy rain
287,California City,US,35.13,35.13,20 Sep 2020 15:01:16 -0500,86.25,77.68,11,89.01,82.4,7.36,clear sky
288,Honiara,SB,-9.43,-9.43,20 Sep 2020 15:01:01 -0500,78.98,85.57,80,78.98,78.98,3.96,overcast clouds
289,Potsdam,DE,52.4,52.4,20 Sep 2020 15:04:19 -0500,59.36,54.27,55,62.01,53.01,6.26,clear sky
290,Santa Cruz de la Sierra,BO,-17.8,-17.8,20 Sep 2020 15:02:23 -0500,83.52,78.75,30,84.2,82.4,8.05,broken clouds
291,Garmsār,IR,35.22,35.22,20 Sep 2020 15:04:21 -0500,73.33,67.6,33,73.33,73.33,7.11,clear sky
292,Los Llanos de Aridane,ES,28.66,28.66,20 Sep 2020 15:04:23 -0500,71.42,73.09,78,75.2,69.01,5.82,broken clouds
293,Wattegama,LK,6.8,6.8,20 Sep 2020 15:04:24 -0500,79.36,78.22,68,79.36,79.36,13.71,overcast clouds
294,Isangel,VU,-19.55,-19.55,20 Sep 2020 15:04:25 -0500,71.44,67.86,77,71.44,71.44,14.88,clear sky
295,Olden,NO,61.84,61.84,20 Sep 2020 15:04:26 -0500,55.17,49.68,71,57.2,53.01,8.05,broken clouds
296,Mount Gambier,AU,-37.83,-37.83,20 Sep 2020 15:04:28 -0500,50.0,42.71,87,50.0,50.0,11.41,scattered clouds
297,College,US,64.86,64.86,20 Sep 2020 15:04:29 -0500,41.36,38.12,93,44.01,39.2,1.63,fog
298,Bonthe,SL,7.53,7.53,20 Sep 2020 15:04:30 -0500,76.75,80.35,89,76.75,76.75,10.22,light rain
299,Pakxan,LA,18.38,18.38,20 Sep 2020 15:04:32 -0500,74.26,82.83,96,74.26,74.26,1.21,overcast clouds
300,Cadiz,ES,36.5,36.5,20 Sep 2020 15:04:34 -0500,71.83,71.78,78,73.0,71.01,9.17,overcast clouds
301,Wahiawā,US,21.5,21.5,20 Sep 2020 15:04:35 -0500,79.99,83.35,73,84.2,77.0,8.05,overcast clouds
302,Banda Aceh,ID,5.56,5.56,20 Sep 2020 15:04:36 -0500,81.36,85.87,69,81.36,81.36,5.7,overcast clouds
303,Esperance,AU,-33.87,-33.87,20 Sep 2020 15:04:37 -0500,50.0,41.02,100,50.0,50.0,16.11,broken clouds
304,Northam,GB,51.03,51.03,20 Sep 2020 15:04:38 -0500,61.99,63.43,82,63.0,61.0,1.01,clear sky
305,Bilma,NE,18.69,18.69,20 Sep 2020 15:04:40 -0500,93.96,86.32,13,93.96,93.96,8.21,clear sky
306,Ketchikan,US,55.34,55.34,20 Sep 2020 15:04:41 -0500,54.3,50.74,81,55.4,53.6,5.82,broken clouds
307,Maryanskaya,RU,45.1,45.1,20 Sep 2020 15:04:42 -0500,56.57,53.06,67,57.2,55.99,4.47,clear sky
308,Shenjiamen,CN,29.96,29.96,20 Sep 2020 15:04:43 -0500,73.2,69.76,61,73.2,73.2,11.23,overcast clouds
309,Marawi,PH,8.0,8.0,20 Sep 2020 15:04:45 -0500,73.99,79.59,92,73.99,73.99,5.01,overcast clouds
310,Bārān,IN,25.1,25.1,20 Sep 2020 15:04:46 -0500,82.29,87.48,57,82.29,82.29,0.58,clear sky
311,Caravelas,BR,-17.71,-17.71,20 Sep 2020 15:04:47 -0500,76.55,77.61,75,76.55,76.55,9.93,clear sky
312,San Quintín,MX,30.48,30.48,20 Sep 2020 15:04:50 -0500,78.94,75.29,57,78.94,78.94,13.94,clear sky
313,Nome,US,64.5,64.5,20 Sep 2020 15:04:03 -0500,35.22,29.68,86,37.0,33.8,3.36,overcast clouds
314,Paphos,CY,34.77,34.77,20 Sep 2020 15:04:26 -0500,71.92,73.63,73,75.2,68.0,4.7,scattered clouds
315,Timmins,CA,48.47,48.47,20 Sep 2020 15:04:53 -0500,60.8,53.1,55,60.8,60.8,11.41,broken clouds
316,São Miguel do Araguaia,BR,-13.28,-13.28,20 Sep 2020 15:00:33 -0500,100.87,99.14,19,100.87,100.87,3.69,overcast clouds
317,Chipinge,ZW,-20.19,-20.19,20 Sep 2020 15:04:56 -0500,63.97,58.48,41,63.97,63.97,5.73,clear sky
318,Antalaha,MG,-14.9,-14.9,20 Sep 2020 15:04:57 -0500,68.04,68.95,88,68.04,68.04,7.25,scattered clouds
319,Nchelenge,ZM,-9.35,-9.35,20 Sep 2020 15:04:58 -0500,77.63,76.1,42,77.63,77.63,4.21,clear sky
320,Buin,CL,-33.73,-33.73,20 Sep 2020 15:04:59 -0500,78.51,72.5,29,78.8,78.01,8.05,clear sky
321,Sigli,ID,5.38,5.38,20 Sep 2020 15:05:01 -0500,79.95,85.62,74,79.95,79.95,4.29,overcast clouds
322,Kwang Binh,VN,17.48,17.48,20 Sep 2020 15:05:02 -0500,78.31,85.12,80,78.31,78.31,2.98,overcast clouds
323,Provideniya,RU,64.38,64.38,20 Sep 2020 15:05:03 -0500,41.0,34.52,87,41.0,41.0,6.71,broken clouds
324,Kendari,ID,-3.94,-3.94,20 Sep 2020 15:05:05 -0500,75.13,82.54,92,75.13,75.13,2.86,clear sky
325,Batemans Bay,AU,-35.72,-35.72,20 Sep 2020 15:05:06 -0500,54.16,52.0,86,55.99,48.0,4.0,clear sky
326,Ilulissat,GL,69.22,69.22,20 Sep 2020 15:05:08 -0500,32.0,27.05,97,32.0,32.0,2.24,light snow
327,Riyadh,SA,24.69,24.69,20 Sep 2020 15:04:30 -0500,86.0,80.4,25,86.0,86.0,8.3,clear sky
328,Baghdad,IQ,33.34,33.34,20 Sep 2020 15:03:39 -0500,89.6,86.41,21,89.6,89.6,3.36,clear sky
329,Pevek,RU,69.7,69.7,20 Sep 2020 15:05:12 -0500,35.24,28.29,93,35.24,35.24,6.38,overcast clouds
330,Hammerfest,NO,70.66,70.66,20 Sep 2020 15:05:13 -0500,42.8,23.85,81,42.8,42.8,28.86,broken clouds
331,Semey,KZ,50.41,50.41,20 Sep 2020 15:05:14 -0500,56.52,47.28,38,56.52,56.52,9.84,clear sky
332,São João da Barra,BR,-21.64,-21.64,20 Sep 2020 15:05:16 -0500,78.8,75.0,69,78.8,78.8,18.34,broken clouds
333,Nara,JP,34.69,34.69,20 Sep 2020 15:05:17 -0500,69.01,63.88,33,69.01,69.01,4.74,scattered clouds
334,Harjavalta,FI,61.32,61.32,20 Sep 2020 15:05:18 -0500,53.6,49.73,87,53.6,53.6,6.93,broken clouds
335,Yining,CN,29.04,29.04,20 Sep 2020 15:05:19 -0500,65.28,69.08,90,65.28,65.28,0.63,overcast clouds
336,Ostrovnoy,RU,68.05,68.05,20 Sep 2020 15:05:20 -0500,39.83,30.25,92,39.83,39.83,12.3,light rain
337,Capaci,IT,38.17,38.17,20 Sep 2020 15:05:22 -0500,78.08,84.0,74,80.01,73.99,2.24,clear sky
338,Itarema,BR,-2.92,-2.92,20 Sep 2020 15:05:23 -0500,80.33,77.32,71,80.33,80.33,18.92,few clouds
339,Rio Grande,BR,-32.03,-32.03,20 Sep 2020 15:05:24 -0500,58.26,49.3,53,58.26,58.26,12.39,clear sky
340,La Palma,US,33.85,33.85,20 Sep 2020 15:05:26 -0500,76.71,74.97,47,80.6,72.0,5.82,clear sky
341,Yangi Marg`ilon,UZ,40.43,40.43,20 Sep 2020 15:05:27 -0500,57.2,49.95,54,57.2,57.2,9.17,clear sky
342,Luanda,AO,-8.84,-8.84,20 Sep 2020 15:05:28 -0500,71.6,74.12,83,71.6,71.6,5.82,few clouds
343,Lashio,MM,22.93,22.93,20 Sep 2020 15:05:29 -0500,69.64,76.5,100,69.64,69.64,1.05,overcast clouds
344,Karaman Province,TR,37.08,37.08,20 Sep 2020 15:05:31 -0500,59.54,54.45,57,59.54,59.54,6.69,clear sky
345,Minot,US,48.23,48.23,20 Sep 2020 15:04:56 -0500,75.94,63.27,38,77.0,75.2,21.92,clear sky
346,Upata,VE,8.01,8.01,20 Sep 2020 15:05:33 -0500,93.0,102.51,57,93.0,93.0,1.99,few clouds
347,Yanam,IN,16.73,16.73,20 Sep 2020 15:05:35 -0500,75.94,81.57,96,75.94,75.94,8.08,overcast clouds
348,Kumul,CN,42.8,42.8,20 Sep 2020 15:05:37 -0500,65.46,58.12,27,65.46,65.46,6.35,overcast clouds
349,Camopi,GF,3.17,3.17,20 Sep 2020 15:05:38 -0500,89.11,95.13,52,89.11,89.11,2.13,broken clouds
350,Beira,MZ,-19.84,-19.84,20 Sep 2020 15:05:39 -0500,71.29,74.46,88,71.6,71.01,5.82,clear sky
351,Klyuchi,RU,52.27,52.27,20 Sep 2020 15:05:40 -0500,54.95,45.28,45,54.95,54.95,11.34,broken clouds
352,Magrath,CA,49.42,49.42,20 Sep 2020 15:02:14 -0500,62.6,57.18,55,62.6,62.6,8.05,smoke
353,Jackson,US,42.42,42.42,20 Sep 2020 15:05:43 -0500,72.34,70.63,46,75.0,69.8,3.36,clear sky
354,Cradock,ZA,-32.16,-32.16,20 Sep 2020 15:01:07 -0500,55.17,49.51,57,55.17,55.17,6.15,clear sky
355,Sajanan,TN,37.06,37.06,20 Sep 2020 15:05:45 -0500,77.0,83.8,78,77.0,77.0,1.12,scattered clouds
356,Saint Anthony,US,45.02,45.02,20 Sep 2020 15:05:46 -0500,72.63,61.39,35,73.99,71.01,17.22,clear sky
357,Sovetskiy,RU,61.36,61.36,20 Sep 2020 15:05:47 -0500,45.79,40.73,97,45.79,45.79,6.89,moderate rain
358,Meulaboh,ID,4.14,4.14,20 Sep 2020 15:05:49 -0500,77.54,82.4,72,77.54,77.54,3.0,overcast clouds
359,Inhambane,MZ,-23.86,-23.86,20 Sep 2020 15:05:50 -0500,73.2,75.11,94,73.4,73.0,11.41,few clouds
360,Zhigansk,RU,66.77,66.77,20 Sep 2020 15:05:51 -0500,39.63,31.93,80,39.63,39.63,7.85,clear sky
361,Lubango,AO,-14.92,-14.92,20 Sep 2020 15:05:54 -0500,61.86,57.65,44,61.86,61.86,3.42,clear sky
362,Kapiri Mposhi,ZM,-13.97,-13.97,20 Sep 2020 15:05:55 -0500,67.19,61.47,38,67.19,67.19,6.46,clear sky
363,Bima,ID,-8.47,-8.47,20 Sep 2020 15:05:57 -0500,76.26,82.83,86,76.26,76.26,3.49,clear sky
364,Santa Fe,AR,-31.63,-31.63,20 Sep 2020 15:05:58 -0500,71.01,64.53,12,71.01,71.01,1.99,clear sky
365,Tatarsk,RU,55.22,55.22,20 Sep 2020 15:06:00 -0500,58.08,46.72,51,58.08,58.08,16.24,overcast clouds
366,Katherine,AU,-14.47,-14.47,20 Sep 2020 15:06:01 -0500,80.6,83.23,74,80.6,80.6,10.29,broken clouds
367,Muğla Province,TR,37.23,37.23,20 Sep 2020 15:06:02 -0500,74.25,75.58,69,77.0,73.4,5.82,clear sky
368,Harrisonburg,US,38.45,38.45,20 Sep 2020 15:06:03 -0500,64.09,57.07,39,64.4,64.0,8.05,clear sky
369,Lagunas,PE,-5.23,-5.23,20 Sep 2020 15:06:05 -0500,93.2,99.14,46,93.2,93.2,2.39,overcast clouds
370,Fortuna,US,40.6,40.6,20 Sep 2020 15:03:12 -0500,68.56,65.1,72,72.0,64.99,11.41,few clouds
371,Bathsheba,BB,13.22,13.22,20 Sep 2020 15:06:08 -0500,87.8,93.85,74,87.8,87.8,11.41,few clouds
372,Qasigiannguit,GL,68.82,68.82,20 Sep 2020 15:06:10 -0500,32.0,27.05,97,32.0,32.0,2.24,light snow
373,Rabo de Peixe,PT,37.8,37.8,20 Sep 2020 15:06:11 -0500,68.0,63.09,82,68.0,68.0,16.11,scattered clouds
374,Digby,CA,44.62,44.62,20 Sep 2020 15:05:20 -0500,57.0,53.1,53,57.0,57.0,3.0,clear sky
375,Fredericton,CA,45.95,45.95,20 Sep 2020 15:02:18 -0500,59.74,52.16,28,61.0,59.0,5.82,broken clouds
376,San Cristobal,VE,7.77,7.77,20 Sep 2020 15:06:15 -0500,84.2,88.75,66,84.2,84.2,6.93,broken clouds
377,Mount Isa,AU,-20.73,-20.73,20 Sep 2020 15:06:16 -0500,71.6,74.28,88,71.6,71.6,6.93,clear sky
378,Cairns,AU,-16.92,-16.92,20 Sep 2020 15:05:19 -0500,68.38,68.36,88,69.8,66.99,9.17,scattered clouds
379,Angoche,MZ,-16.23,-16.23,20 Sep 2020 15:06:18 -0500,74.23,73.76,78,74.23,74.23,11.74,few clouds
380,Jaqué,PA,7.52,7.52,20 Sep 2020 15:06:19 -0500,80.91,87.75,78,80.91,80.91,4.59,light rain
381,Florence,IT,43.77,43.77,20 Sep 2020 15:06:22 -0500,66.4,64.76,77,69.8,64.0,8.05,few clouds
382,Cartagena,CO,10.4,10.4,20 Sep 2020 15:03:51 -0500,87.8,95.11,74,87.8,87.8,9.17,thunderstorm
383,Marondera,ZW,-18.19,-18.19,20 Sep 2020 15:06:24 -0500,57.45,50.36,36,57.45,57.45,5.91,clear sky
384,Cleethorpes,GB,53.56,53.56,20 Sep 2020 15:06:26 -0500,57.13,50.97,87,57.2,57.0,12.75,overcast clouds
385,Sola,VU,-13.88,-13.88,20 Sep 2020 15:06:27 -0500,78.57,74.8,82,78.57,78.57,22.64,broken clouds
386,Benghazi,LY,32.12,32.12,20 Sep 2020 15:06:29 -0500,75.96,75.9,72,75.96,75.96,10.47,clear sky
387,Fort-Shevchenko,KZ,44.51,44.51,20 Sep 2020 15:06:30 -0500,66.61,60.51,57,66.61,66.61,11.41,clear sky
388,Lorengau,PG,-2.02,-2.02,20 Sep 2020 15:06:31 -0500,82.36,87.4,73,82.36,82.36,7.23,overcast clouds
389,Villarrica,PY,-25.75,-25.75,20 Sep 2020 15:06:32 -0500,67.28,58.87,41,67.28,67.28,11.99,broken clouds
390,Sabana de Torres,CO,7.39,7.39,20 Sep 2020 15:06:34 -0500,86.76,92.23,62,89.6,84.2,5.82,scattered clouds
391,Bulgan,MN,48.81,48.81,20 Sep 2020 15:06:35 -0500,40.46,35.33,69,40.46,40.46,2.53,clear sky
392,Harboøre,DK,56.62,56.62,20 Sep 2020 15:06:37 -0500,52.7,43.93,54,55.99,50.0,10.49,clear sky
393,Santa Isabel Rio Negro,BR,-0.41,-0.41,20 Sep 2020 15:06:38 -0500,98.53,99.91,31,98.53,98.53,5.14,few clouds
394,Scalea,IT,39.81,39.81,20 Sep 2020 15:06:40 -0500,73.99,77.59,67,73.99,73.99,1.01,clear sky
395,Mandera,KE,3.94,3.94,20 Sep 2020 15:06:41 -0500,81.5,75.33,48,81.5,81.5,16.71,scattered clouds
396,Hobyo,SO,5.35,5.35,20 Sep 2020 15:06:46 -0500,76.78,71.8,84,76.78,76.78,23.85,clear sky
397,Ocampo,MX,21.65,21.65,20 Sep 2020 15:06:48 -0500,69.13,63.43,51,69.13,69.13,10.38,scattered clouds
398,Gwadar,PK,25.12,25.12,20 Sep 2020 15:06:49 -0500,85.86,86.36,47,85.86,85.86,7.18,clear sky
399,Necochea,AR,-38.55,-38.55,20 Sep 2020 15:06:50 -0500,48.99,39.81,68,48.99,48.99,11.99,overcast clouds
400,Nyurba,RU,63.28,63.28,20 Sep 2020 15:06:51 -0500,45.37,42.44,78,45.37,45.37,0.89,overcast clouds
401,Kruisfontein,ZA,-34.0,-34.0,20 Sep 2020 15:06:53 -0500,57.99,53.13,76,57.99,57.99,8.99,light rain
402,Coahuayana Viejo,MX,18.73,18.73,20 Sep 2020 15:06:54 -0500,82.4,85.33,74,82.4,82.4,11.41,broken clouds
403,Nakasongola,UG,1.31,1.31,20 Sep 2020 15:06:55 -0500,67.64,71.46,88,67.64,67.64,1.81,light rain
404,Anjozorobe,MG,-18.4,-18.4,20 Sep 2020 15:06:56 -0500,55.4,50.13,87,55.4,55.4,10.29,scattered clouds
405,Cabo San Lucas,MX,22.89,22.89,20 Sep 2020 15:06:58 -0500,88.83,91.31,66,90.0,87.8,14.99,few clouds
406,Sibu,MY,2.3,2.3,20 Sep 2020 15:06:59 -0500,73.15,79.81,100,73.4,73.0,4.7,moderate rain
407,Decatur,US,39.84,39.84,20 Sep 2020 15:07:00 -0500,73.45,66.85,27,73.99,73.0,6.93,clear sky
408,Touros,BR,-5.2,-5.2,20 Sep 2020 15:02:03 -0500,82.4,81.3,65,82.4,82.4,14.99,scattered clouds
409,Ola,RU,59.58,59.58,20 Sep 2020 15:07:02 -0500,39.02,29.61,72,39.02,39.02,10.04,overcast clouds
410,Puri,IN,19.8,19.8,20 Sep 2020 15:07:04 -0500,78.8,89.42,100,78.8,78.8,3.69,moderate rain
411,Barreiras,BR,-12.15,-12.15,20 Sep 2020 15:07:05 -0500,99.59,95.22,14,99.59,99.59,4.5,few clouds
412,Hailey,US,43.52,43.52,20 Sep 2020 15:07:06 -0500,61.29,54.37,44,62.01,60.8,8.05,clear sky
413,Pizhanka,RU,57.46,57.46,20 Sep 2020 15:07:07 -0500,42.03,32.27,90,42.03,42.03,13.15,overcast clouds
414,São Félix do Xingu,BR,-6.64,-6.64,20 Sep 2020 15:07:09 -0500,92.57,93.85,37,92.57,92.57,5.23,heavy intensity rain
415,Egvekinot,RU,66.32,66.32,20 Sep 2020 15:07:11 -0500,34.81,25.66,86,34.81,34.81,9.64,overcast clouds
416,Dingle,PH,11.0,11.0,20 Sep 2020 15:07:12 -0500,77.22,84.51,83,77.22,77.22,2.13,light rain
417,Ibrā’,OM,22.69,22.69,20 Sep 2020 15:07:13 -0500,79.27,77.65,32,79.27,79.27,1.57,broken clouds
418,Samarai,PG,-10.62,-10.62,20 Sep 2020 15:07:15 -0500,78.21,81.23,87,78.21,78.21,12.01,clear sky
419,Mnogovershinnyy,RU,53.94,53.94,20 Sep 2020 15:07:16 -0500,38.46,33.39,77,38.46,38.46,2.64,broken clouds
420,Norman Wells,CA,65.28,65.28,20 Sep 2020 15:05:35 -0500,51.8,48.24,71,51.8,51.8,3.36,broken clouds
421,Ushumun,RU,52.78,52.78,20 Sep 2020 15:07:18 -0500,38.17,33.22,87,38.17,38.17,3.18,clear sky
422,Kavaratti,IN,10.57,10.57,20 Sep 2020 15:07:20 -0500,81.79,77.76,80,81.79,81.79,25.55,light rain
423,Chongwe,ZM,-15.33,-15.33,20 Sep 2020 15:07:21 -0500,71.6,68.0,35,71.6,71.6,3.36,clear sky
424,Shar,KZ,49.59,49.59,20 Sep 2020 15:07:22 -0500,54.37,46.2,41,54.37,54.37,7.96,clear sky
425,Urucará,BR,-2.54,-2.54,20 Sep 2020 15:07:23 -0500,102.61,102.94,24,102.61,102.61,4.5,scattered clouds
426,Ushtobe,KZ,45.25,45.25,20 Sep 2020 15:07:24 -0500,58.39,51.4,38,58.39,58.39,6.29,clear sky
427,Dandong,CN,40.13,40.13,20 Sep 2020 15:07:26 -0500,51.57,47.62,82,51.57,51.57,5.46,overcast clouds
428,Opuwo,NA,-18.06,-18.06,20 Sep 2020 15:07:27 -0500,67.44,60.69,26,67.44,67.44,5.48,scattered clouds
429,Rivers,CA,50.03,50.03,20 Sep 2020 15:04:18 -0500,69.8,66.24,64,69.8,69.8,10.29,overcast clouds
430,Kutum,SD,14.2,14.2,20 Sep 2020 15:07:29 -0500,80.62,76.6,45,80.62,80.62,11.21,clear sky
431,Nur,PL,52.67,52.67,20 Sep 2020 15:07:30 -0500,53.89,51.82,87,53.89,53.89,3.87,clear sky
432,Laguna,US,38.42,38.42,20 Sep 2020 15:07:32 -0500,83.95,83.86,35,86.0,82.0,1.99,clear sky
433,Camabatela,AO,-8.19,-8.19,20 Sep 2020 15:07:33 -0500,68.38,70.32,85,68.38,68.38,4.94,scattered clouds
434,Catalão,BR,-18.17,-18.17,20 Sep 2020 15:07:34 -0500,91.29,88.27,18,91.29,91.29,2.06,broken clouds
435,Maniitsoq,GL,65.42,65.42,20 Sep 2020 15:07:35 -0500,33.78,26.73,91,33.78,33.78,6.04,overcast clouds
436,Kamenka,RU,51.32,51.32,20 Sep 2020 15:07:37 -0500,46.0,38.17,62,46.0,46.0,8.03,scattered clouds
437,Rafai,CF,4.95,4.95,20 Sep 2020 15:07:38 -0500,70.97,77.81,95,70.97,70.97,0.92,light rain
438,Kenai,US,60.55,60.55,20 Sep 2020 15:07:39 -0500,48.22,45.45,76,52.0,42.8,1.34,light rain
439,Oktyabr'skiy,RU,54.48,54.48,20 Sep 2020 15:07:40 -0500,40.73,31.95,89,40.73,40.73,10.92,broken clouds
440,Amga,RU,60.9,60.9,20 Sep 2020 15:07:42 -0500,36.59,32.68,87,36.59,36.59,0.87,broken clouds
441,Metro,ID,-5.11,-5.11,20 Sep 2020 15:07:43 -0500,73.51,79.2,91,73.51,73.51,4.12,few clouds
442,Boyolangu,ID,-8.12,-8.12,20 Sep 2020 15:07:44 -0500,75.42,81.9,87,75.42,75.42,3.2,broken clouds
443,Bah,IN,26.87,26.87,20 Sep 2020 15:07:46 -0500,86.49,90.59,55,86.49,86.49,4.83,broken clouds
444,Santana,BR,-0.06,-0.06,20 Sep 2020 15:07:47 -0500,93.2,96.57,52,93.2,93.2,10.29,scattered clouds
445,Bodden Town,KY,19.28,19.28,20 Sep 2020 15:07:48 -0500,87.91,99.9,79,88.0,87.8,3.36,scattered clouds
446,Wanning,CN,18.8,18.8,20 Sep 2020 15:07:50 -0500,77.54,85.12,89,77.54,77.54,3.94,overcast clouds
447,Bandarbeyla,SO,9.49,9.49,20 Sep 2020 15:07:51 -0500,76.62,70.05,81,76.62,76.62,25.52,light rain
448,Georgiyevka,KZ,43.04,43.04,20 Sep 2020 15:07:52 -0500,51.8,45.95,66,51.8,51.8,6.71,clear sky
449,Emerald,AU,-23.53,-23.53,20 Sep 2020 15:07:54 -0500,63.36,64.47,93,64.4,62.01,4.7,scattered clouds
450,Cap Malheureux,MU,-19.98,-19.98,20 Sep 2020 15:07:55 -0500,71.01,72.19,73,71.01,71.01,5.01,scattered clouds
451,Batticaloa,LK,7.71,7.71,20 Sep 2020 15:07:56 -0500,81.41,83.64,67,81.41,81.41,9.04,overcast clouds
452,Troitskoye,RU,52.98,52.98,20 Sep 2020 15:07:58 -0500,50.86,46.96,81,50.86,50.86,4.97,clear sky
453,Longonjo,AO,-12.91,-12.91,20 Sep 2020 15:07:59 -0500,72.79,70.12,43,72.79,72.79,4.41,overcast clouds
454,Rantauprapat,ID,2.1,2.1,20 Sep 2020 15:08:00 -0500,74.39,82.36,96,74.39,74.39,2.37,light rain
455,Mizdah,LY,31.45,31.45,20 Sep 2020 15:08:01 -0500,77.97,72.19,36,77.97,77.97,9.86,scattered clouds
456,Ampanihy,MG,-24.7,-24.7,20 Sep 2020 15:08:03 -0500,77.7,71.47,21,77.7,77.7,5.44,clear sky
457,Sitka,US,57.05,57.05,20 Sep 2020 15:08:04 -0500,55.4,46.26,66,55.4,55.4,13.87,overcast clouds
458,Mossamedes,AO,-15.2,-15.2,20 Sep 2020 15:08:05 -0500,63.86,63.7,84,63.86,63.86,5.39,broken clouds
459,Oddur,SO,4.12,4.12,20 Sep 2020 15:08:07 -0500,73.49,66.97,64,73.49,73.49,17.76,scattered clouds
460,Vostok,RU,46.49,46.49,20 Sep 2020 15:08:09 -0500,38.75,35.71,100,38.75,38.75,1.03,clear sky
461,Khovd,MN,48.01,48.01,20 Sep 2020 15:08:10 -0500,45.64,40.78,55,45.64,45.64,1.88,clear sky
462,Pisco,PE,-13.7,-13.7,20 Sep 2020 15:08:12 -0500,66.25,59.49,68,68.0,64.0,14.99,scattered clouds
463,Betanzos,ES,43.28,43.28,20 Sep 2020 15:08:14 -0500,64.81,68.63,93,66.2,62.01,0.94,light rain
464,Bowen,AU,-20.02,-20.02,20 Sep 2020 15:08:15 -0500,66.2,68.47,93,66.2,66.2,4.7,overcast clouds
465,Ubari,LY,26.59,26.59,20 Sep 2020 15:08:17 -0500,80.1,73.9,24,80.1,80.1,7.05,clear sky
466,Sabha,LY,27.04,27.04,20 Sep 2020 15:08:18 -0500,80.26,74.12,26,80.26,80.26,7.76,clear sky
467,Hasaki,JP,35.73,35.73,20 Sep 2020 15:08:19 -0500,66.69,70.03,94,68.0,66.0,3.36,mist
468,Prince George,CA,53.92,53.92,20 Sep 2020 15:08:21 -0500,58.35,54.57,87,61.0,55.99,9.17,broken clouds
469,Sungai Raya,ID,0.7,0.7,20 Sep 2020 15:08:22 -0500,77.23,83.59,90,77.23,77.23,6.15,moderate rain
470,Tandahimba,TZ,-10.75,-10.75,20 Sep 2020 15:08:23 -0500,64.83,68.07,94,64.83,64.83,2.19,few clouds
471,General Roca,AR,-39.03,-39.03,20 Sep 2020 15:08:26 -0500,68.0,58.21,14,68.0,68.0,8.05,clear sky
472,Quesnel,CA,53.0,53.0,20 Sep 2020 15:08:27 -0500,59.0,57.43,82,59.0,59.0,4.7,scattered clouds
473,Alofi,NU,-19.06,-19.06,20 Sep 2020 15:08:28 -0500,75.2,76.37,88,75.2,75.2,12.75,overcast clouds
474,Urubichá,BO,-15.38,-15.38,20 Sep 2020 15:08:29 -0500,87.94,87.21,31,87.94,87.94,3.24,overcast clouds
475,Salé,MA,34.04,34.04,20 Sep 2020 15:05:23 -0500,68.76,70.16,88,70.0,66.0,6.93,overcast clouds
476,Jacksonville,US,30.33,30.33,20 Sep 2020 15:05:23 -0500,74.08,70.9,88,77.0,69.8,19.46,mist
477,Buraidah,SA,26.33,26.33,20 Sep 2020 15:07:10 -0500,89.6,83.84,19,89.6,89.6,6.93,clear sky
478,Lyubashivka,UA,47.84,47.84,20 Sep 2020 15:08:35 -0500,56.59,49.46,49,56.59,56.59,7.94,overcast clouds
479,Ribas do Rio Pardo,BR,-20.44,-20.44,20 Sep 2020 15:08:37 -0500,91.94,88.0,24,91.94,91.94,7.11,scattered clouds
480,Briançon,FR,44.9,44.9,20 Sep 2020 15:08:38 -0500,59.49,60.6,83,64.99,52.0,0.4,scattered clouds
481,Esim,GH,4.87,4.87,20 Sep 2020 15:08:39 -0500,75.06,79.3,92,75.06,75.06,8.41,broken clouds
482,Port Lincoln,AU,-34.73,-34.73,20 Sep 2020 15:08:41 -0500,53.38,37.02,61,53.38,53.38,25.21,clear sky
483,Yuxia,CN,34.06,34.06,20 Sep 2020 15:08:42 -0500,59.0,56.3,82,59.0,59.0,6.71,overcast clouds
484,San Patricio,MX,19.22,19.22,20 Sep 2020 15:08:43 -0500,87.8,88.02,62,87.8,87.8,16.11,scattered clouds
485,Hailar,CN,49.2,49.2,20 Sep 2020 15:08:45 -0500,46.36,41.41,81,46.36,46.36,5.14,heavy intensity rain
486,Vallenar,CL,-28.57,-28.57,20 Sep 2020 15:08:46 -0500,80.64,72.77,20,80.64,80.64,8.68,clear sky
487,Letlhakeng,BW,-24.09,-24.09,20 Sep 2020 15:08:48 -0500,77.86,71.1,18,77.86,77.86,5.41,overcast clouds
488,Roald,NO,62.58,62.58,20 Sep 2020 15:08:49 -0500,55.17,43.29,87,55.99,54.0,21.92,broken clouds
489,Umluj,SA,25.02,25.02,20 Sep 2020 15:08:50 -0500,89.33,89.42,42,89.33,89.33,7.87,clear sky
490,Athabasca,CA,54.72,54.72,20 Sep 2020 15:08:52 -0500,65.41,55.8,46,65.41,65.41,14.63,overcast clouds
491,Channapatna,IN,12.65,12.65,20 Sep 2020 15:08:53 -0500,73.99,71.17,67,73.99,73.99,12.41,overcast clouds
492,Eureka,US,40.8,40.8,20 Sep 2020 15:07:53 -0500,64.65,66.29,87,69.01,59.0,3.36,overcast clouds
493,Takoradze,GH,4.88,4.88,20 Sep 2020 15:08:56 -0500,75.31,80.44,93,75.31,75.31,7.4,overcast clouds
494,Naze,JP,28.37,28.37,20 Sep 2020 15:08:57 -0500,78.8,75.36,74,78.8,78.8,19.46,broken clouds
495,Kanigoro,ID,-8.13,-8.13,20 Sep 2020 15:08:59 -0500,72.79,77.14,87,72.79,72.79,4.68,broken clouds
496,Edd,ER,13.93,13.93,20 Sep 2020 15:09:00 -0500,88.9,96.08,69,88.9,88.9,8.19,broken clouds
497,Muroto-misakicho,JP,33.28,33.28,20 Sep 2020 15:05:05 -0500,72.43,71.22,63,72.43,72.43,7.38,clear sky
498,São Filipe,CV,14.9,14.9,20 Sep 2020 15:09:03 -0500,79.25,86.86,78,79.25,79.25,1.68,overcast clouds
499,Kalangala,UG,-0.31,-0.31,20 Sep 2020 15:09:04 -0500,73.4,77.29,78,73.4,73.4,3.36,few clouds
500,Marrakesh,MA,31.63,31.63,20 Sep 2020 15:05:00 -0500,86.0,79.92,33,86.0,86.0,12.75,clear sky
501,Flinders,AU,-34.58,-34.58,20 Sep 2020 15:09:07 -0500,60.75,62.98,93,66.99,55.99,1.01,clear sky
502,Harper,LR,4.38,4.38,20 Sep 2020 15:09:08 -0500,76.21,79.27,89,76.21,76.21,10.67,light rain
503,Rājur,IN,20.12,20.12,20 Sep 2020 15:09:10 -0500,78.51,84.99,86,78.51,78.51,5.82,overcast clouds
504,Fes,MA,34.04,34.04,20 Sep 2020 15:07:22 -0500,75.2,72.61,41,75.2,75.2,4.7,overcast clouds
505,Pāsighāt,IN,28.07,28.07,20 Sep 2020 15:09:12 -0500,77.99,83.98,80,77.99,77.99,4.12,light rain
506,Kununurra,AU,-15.77,-15.77,20 Sep 2020 15:09:13 -0500,77.0,82.72,83,77.0,77.0,4.7,clear sky
507,Vetlanda,SE,57.43,57.43,20 Sep 2020 15:09:15 -0500,54.59,53.51,93,55.4,54.0,3.36,overcast clouds
508,Kimbe,PG,-5.55,-5.55,20 Sep 2020 15:09:16 -0500,75.07,81.36,88,75.07,75.07,3.56,clear sky
509,Pangnirtung,CA,66.15,66.15,20 Sep 2020 15:09:18 -0500,35.6,26.33,59,35.6,35.6,8.05,broken clouds
510,Taksimo,RU,56.34,56.34,20 Sep 2020 15:09:19 -0500,46.15,42.44,88,46.15,46.15,3.65,moderate rain
511,Calama,CL,-22.47,-22.47,20 Sep 2020 15:09:21 -0500,71.6,52.52,7,71.6,71.6,23.04,clear sky
512,Novikovo,RU,51.15,51.15,20 Sep 2020 15:09:22 -0500,46.0,41.27,70,46.0,46.0,3.42,clear sky
513,Pando,UY,-34.72,-34.72,20 Sep 2020 15:09:23 -0500,61.5,47.59,27,62.6,60.8,17.22,clear sky
514,Hofn,IS,64.25,64.25,20 Sep 2020 15:09:25 -0500,48.79,33.21,66,48.79,48.79,23.04,clear sky
515,Alyangula,AU,-13.85,-13.85,20 Sep 2020 15:09:26 -0500,68.0,72.3,100,68.0,68.0,4.16,broken clouds
516,Bozeman,US,45.68,45.68,20 Sep 2020 15:05:30 -0500,60.33,54.63,45,64.0,57.99,5.82,overcast clouds
517,Yerbogachën,RU,61.28,61.28,20 Sep 2020 15:09:29 -0500,35.15,29.43,92,35.15,35.15,4.09,clear sky
518,Abnūb,EG,27.27,27.27,20 Sep 2020 15:09:30 -0500,87.8,86.14,45,87.8,87.8,11.41,clear sky
519,Yumen,CN,40.28,40.28,20 Sep 2020 15:09:32 -0500,62.85,53.89,35,62.85,62.85,10.33,overcast clouds
520,Tacuarembó,UY,-31.73,-31.73,20 Sep 2020 15:09:33 -0500,57.88,51.22,52,57.88,57.88,8.01,clear sky
521,Rundu,NA,-17.93,-17.93,20 Sep 2020 15:09:34 -0500,73.65,68.95,20,73.65,73.65,1.52,scattered clouds
522,Nhulunbuy,AU,-12.23,-12.23,20 Sep 2020 15:09:36 -0500,71.6,77.38,94,71.6,71.6,3.11,scattered clouds
523,Äänekoski,FI,62.69,62.69,20 Sep 2020 15:09:37 -0500,50.52,44.8,81,51.01,50.0,8.05,light rain
524,Iwaki,JP,37.05,37.05,20 Sep 2020 15:09:39 -0500,64.9,69.08,96,68.0,60.01,1.01,light rain
525,Kwinana,AU,-32.25,-32.25,20 Sep 2020 15:09:40 -0500,53.37,45.7,93,55.99,50.0,14.43,overcast clouds
526,Lukulu,ZM,-14.37,-14.37,20 Sep 2020 15:09:42 -0500,76.73,70.68,23,76.73,76.73,5.55,clear sky
527,Chowchilla,US,37.12,37.12,20 Sep 2020 15:09:43 -0500,82.72,81.07,39,84.99,80.6,5.82,clear sky
528,Houston,US,29.76,29.76,20 Sep 2020 15:05:15 -0500,70.3,65.97,88,71.6,69.01,18.34,mist
529,Vila Velha,BR,-20.33,-20.33,20 Sep 2020 15:06:57 -0500,78.69,80.55,78,80.01,77.0,11.41,broken clouds
530,Bafra,TR,41.57,41.57,20 Sep 2020 15:09:47 -0500,64.4,65.88,82,64.4,64.4,2.42,broken clouds
531,Maceió,BR,-9.67,-9.67,20 Sep 2020 15:09:49 -0500,82.4,82.2,69,82.4,82.4,14.99,few clouds
532,La Santisima Trinidad,BO,-14.83,-14.83,20 Sep 2020 15:09:51 -0500,82.4,78.8,42,82.4,82.4,10.29,smoke
533,Buala,SB,-8.14,-8.14,20 Sep 2020 15:09:52 -0500,80.24,87.89,80,80.24,80.24,3.27,light rain
534,Zonguldak,TR,41.25,41.25,20 Sep 2020 15:09:54 -0500,58.6,59.31,95,58.6,58.6,2.77,scattered clouds
535,Libreville,GA,0.39,0.39,20 Sep 2020 15:05:54 -0500,78.8,83.59,83,78.8,78.8,8.05,scattered clouds
536,Baykit,RU,61.67,61.67,20 Sep 2020 15:09:57 -0500,38.39,33.87,88,38.39,38.39,2.53,broken clouds
537,Melfi,IT,41.0,41.0,20 Sep 2020 15:09:59 -0500,73.63,77.63,78,77.0,72.0,3.36,scattered clouds
538,Arrondissement de Foix,FR,42.83,42.83,20 Sep 2020 15:10:00 -0500,65.28,62.06,38,66.99,64.0,1.43,overcast clouds
539,Liverpool,GB,53.41,53.41,20 Sep 2020 15:05:55 -0500,56.14,51.33,76,57.2,53.01,8.05,clear sky
540,Okha,RU,53.57,53.57,20 Sep 2020 15:10:03 -0500,44.82,38.61,87,44.82,44.82,7.49,scattered clouds
541,Fomboni,KM,-12.28,-12.28,20 Sep 2020 15:10:04 -0500,76.96,80.69,70,76.96,76.96,3.89,clear sky
542,Lucapa,AO,-8.42,-8.42,20 Sep 2020 15:10:06 -0500,77.29,79.16,55,77.29,77.29,2.39,broken clouds
543,San Miguel de Tucumán,AR,-26.82,-26.82,20 Sep 2020 15:10:07 -0500,75.2,65.46,22,75.2,75.2,11.41,clear sky
544,Frederick,US,39.47,39.47,20 Sep 2020 15:08:22 -0500,66.72,58.69,28,68.0,64.0,8.05,clear sky
545,Sirte,LY,31.21,31.21,20 Sep 2020 15:10:11 -0500,76.86,77.63,74,76.86,76.86,10.36,clear sky
546,Udala,ES,43.08,43.08,20 Sep 2020 15:10:13 -0500,60.64,60.8,95,61.0,60.01,5.01,overcast clouds
547,Poprad,SK,49.06,49.06,20 Sep 2020 15:10:15 -0500,44.82,40.59,81,45.0,44.6,3.36,scattered clouds
548,Brainerd,US,46.36,46.36,20 Sep 2020 15:09:20 -0500,71.24,59.27,49,71.6,71.01,21.92,clear sky
549,Safi,MA,32.3,32.3,20 Sep 2020 15:05:20 -0500,74.03,64.42,57,74.03,74.03,21.5,clear sky
550,Sorong,ID,-0.88,-0.88,20 Sep 2020 15:10:19 -0500,78.19,83.71,82,78.19,78.19,5.79,scattered clouds
551,Santa Elena,EC,-2.23,-2.23,20 Sep 2020 15:10:21 -0500,71.6,71.6,83,71.6,71.6,10.29,overcast clouds
552,Pitimbu,BR,-7.47,-7.47,20 Sep 2020 15:10:22 -0500,80.6,80.78,69,80.6,80.6,12.75,few clouds
553,Yuzhno-Kurilsk,RU,44.03,44.03,20 Sep 2020 15:10:26 -0500,61.34,61.79,90,61.34,61.34,3.98,overcast clouds
554,Narnaul,IN,28.04,28.04,20 Sep 2020 15:10:27 -0500,84.25,84.45,38,84.25,84.25,2.89,clear sky
555,Laas,IT,46.62,46.62,20 Sep 2020 15:10:30 -0500,59.0,60.17,87,59.0,59.0,0.74,scattered clouds
556,Arrondissement d'Arcachon,FR,44.59,44.59,20 Sep 2020 15:10:31 -0500,66.15,69.12,88,66.2,66.0,2.24,few clouds
557,Krasnyy Chikoy,RU,50.36,50.36,20 Sep 2020 15:10:32 -0500,39.22,33.84,86,39.22,39.22,4.16,broken clouds
558,Matara,LK,5.95,5.95,20 Sep 2020 15:10:34 -0500,77.58,81.32,87,77.58,77.58,10.11,light rain
559,Novy Urengoy,RU,66.08,66.08,20 Sep 2020 15:10:35 -0500,47.48,38.98,92,47.48,47.48,13.13,overcast clouds
560,North Charleston,US,32.89,32.89,20 Sep 2020 15:10:36 -0500,73.71,69.4,60,73.99,73.0,12.75,broken clouds
561,Olinda,BR,-8.01,-8.01,20 Sep 2020 15:08:31 -0500,80.6,84.49,74,80.6,80.6,8.05,scattered clouds
562,Dmitriyevka,RU,54.75,54.75,20 Sep 2020 15:10:39 -0500,41.0,32.31,93,41.0,41.0,11.18,broken clouds
563,Shestakovo,RU,56.49,56.49,20 Sep 2020 15:10:42 -0500,37.58,33.4,90,37.58,37.58,1.86,broken clouds
564,Borogontsy,RU,62.67,62.67,20 Sep 2020 15:10:43 -0500,37.6,33.01,80,37.6,37.6,1.79,broken clouds
565,Sur,OM,22.57,22.57,20 Sep 2020 15:10:44 -0500,84.51,86.11,50,84.51,84.51,5.64,broken clouds
566,Kaeo,NZ,-35.1,-35.1,20 Sep 2020 15:10:46 -0500,55.0,52.74,95,55.0,55.0,5.99,light rain
567,Laurel,US,39.1,39.1,20 Sep 2020 15:10:47 -0500,65.59,58.96,45,68.0,64.0,9.17,clear sky
568,Jefferson City,US,38.58,38.58,20 Sep 2020 15:10:48 -0500,72.61,67.84,43,73.99,71.6,8.05,clear sky
